date,rate,days
31/12/2019,1.54263,1
30/12/2019,1.53438,1
27/12/2019,1.53625,1
24/12/2019,1.53313,1
23/12/2019,1.5345,1
20/12/2019,1.53663,1
19/12/2019,1.534,1
18/12/2019,1.5335,1
17/12/2019,1.53563,1
16/12/2019,1.53063,1
13/12/2019,1.52988,1
12/12/2019,1.53375,1
11/12/2019,1.52538,1
10/12/2019,1.529,1
09/12/2019,1.53663,1
06/12/2019,1.52913,1
05/12/2019,1.52938,1
04/12/2019,1.5295,1
03/12/2019,1.5385,1
02/12/2019,1.54063,1
29/11/2019,1.5425,1
27/11/2019,1.53963,1
26/11/2019,1.538,1
25/11/2019,1.53613,1
22/11/2019,1.53388,1
21/11/2019,1.54138,1
20/11/2019,1.529,1
19/11/2019,1.53688,1
18/11/2019,1.53538,1
15/11/2019,1.53675,1
14/11/2019,1.527,1
13/11/2019,1.539,1
12/11/2019,1.53925,1
08/11/2019,1.53863,1
07/11/2019,1.54363,1
06/11/2019,1.5365,1
05/11/2019,1.54713,1
04/11/2019,1.55088,1
01/11/2019,1.59213,1
31/10/2019,1.59988,1
30/10/2019,1.80438,1
29/10/2019,1.801,1
28/10/2019,1.80163,1
25/10/2019,1.806,1
24/10/2019,1.80275,1
23/10/2019,1.814,1
22/10/2019,1.81288,1
21/10/2019,1.81113,1
18/10/2019,1.81513,1
17/10/2019,1.83813,1
16/10/2019,1.82575,1
15/10/2019,1.79513,1
11/10/2019,1.79888,1
10/10/2019,1.79263,1
09/10/2019,1.79,1
08/10/2019,1.8055,1
07/10/2019,1.80825,1
04/10/2019,1.82075,1
03/10/2019,1.82238,1
02/10/2019,1.85125,1
01/10/2019,1.82613,1
30/09/2019,1.8215,1
27/09/2019,1.82713,1
26/09/2019,1.82988,1
25/09/2019,1.84075,1
24/09/2019,1.842,1
23/09/2019,1.8475,1
20/09/2019,1.8685,1
19/09/2019,1.96213,1
18/09/2019,2.18525,1
17/09/2019,2.15488,1
16/09/2019,2.11163,1
13/09/2019,2.09475,1
12/09/2019,2.08825,1
11/09/2019,2.0945,1
10/09/2019,2.0925,1
09/09/2019,2.09388,1
06/09/2019,2.09475,1
05/09/2019,2.09763,1
04/09/2019,2.09125,1
03/09/2019,2.09063,1
30/08/2019,2.08963,1
29/08/2019,2.095,1
28/08/2019,2.08663,1
27/08/2019,2.09575,1
23/08/2019,2.08838,1
22/08/2019,2.09363,1
21/08/2019,2.093,1
20/08/2019,2.097,1
19/08/2019,2.09538,1
16/08/2019,2.0985,1
15/08/2019,2.09588,1
14/08/2019,2.09213,1
13/08/2019,2.09825,1
12/08/2019,2.10275,1
09/08/2019,2.09538,1
08/08/2019,2.09525,1
07/08/2019,2.09938,1
06/08/2019,2.09713,1
05/08/2019,2.10513,1
02/08/2019,2.10425,1
01/08/2019,2.11225,1
31/07/2019,2.35163,1
30/07/2019,2.347,1
29/07/2019,2.34863,1
26/07/2019,2.35038,1
25/07/2019,2.349,1
24/07/2019,2.35225,1
23/07/2019,2.35375,1
22/07/2019,2.35963,1
19/07/2019,2.362,1
18/07/2019,2.36063,1
17/07/2019,2.36275,1
16/07/2019,2.35663,1
15/07/2019,2.35713,1
12/07/2019,2.35913,1
11/07/2019,2.359,1
10/07/2019,2.35475,1
09/07/2019,2.35013,1
08/07/2019,2.35688,1
05/07/2019,2.34825,1
03/07/2019,2.35638,1
02/07/2019,2.35138,1
01/07/2019,2.35975,1
28/06/2019,2.37038,1
27/06/2019,2.35488,1
26/06/2019,2.354,1
25/06/2019,2.34475,1
24/06/2019,2.34925,1
21/06/2019,2.3475,1
20/06/2019,2.3415,1
19/06/2019,2.34088,1
18/06/2019,2.3495,1
17/06/2019,2.34438,1
14/06/2019,2.34663,1
13/06/2019,2.3505,1
12/06/2019,2.35038,1
11/06/2019,2.35088,1
10/06/2019,2.345,1
07/06/2019,2.35175,1
06/06/2019,2.346,1
05/06/2019,2.34538,1
04/06/2019,2.36,1
03/06/2019,2.36075,1
31/05/2019,2.3545,1
30/05/2019,2.35775,1
29/05/2019,2.356,1
28/05/2019,2.35388,1
24/05/2019,2.3565,1
23/05/2019,2.35625,1
22/05/2019,2.3545,1
21/05/2019,2.35538,1
20/05/2019,2.35938,1
17/05/2019,2.35575,1
16/05/2019,2.35938,1
15/05/2019,2.34913,1
14/05/2019,2.34338,1
13/05/2019,2.34513,1
10/05/2019,2.35638,1
09/05/2019,2.35888,1
08/05/2019,2.36275,1
07/05/2019,2.36313,1
03/05/2019,2.37788,1
02/05/2019,2.37313,1
01/05/2019,2.39188,1
30/04/2019,2.37913,1
29/04/2019,2.38975,1
26/04/2019,2.4,1
25/04/2019,2.39938,1
24/04/2019,2.39413,1
23/04/2019,2.40275,1
18/04/2019,2.39113,1
17/04/2019,2.38563,1
16/04/2019,2.38913,1
15/04/2019,2.39263,1
12/04/2019,2.39225,1
11/04/2019,2.3885,1
10/04/2019,2.3885,1
09/04/2019,2.393,1
08/04/2019,2.39175,1
05/04/2019,2.39375,1
04/04/2019,2.39413,1
03/04/2019,2.38613,1
02/04/2019,2.38025,1
01/04/2019,2.38813,1
29/03/2019,2.382,1
28/03/2019,2.39275,1
27/03/2019,2.39213,1
26/03/2019,2.39388,1
25/03/2019,2.38938,1
22/03/2019,2.389,1
21/03/2019,2.38725,1
20/03/2019,2.38625,1
19/03/2019,2.39013,1
18/03/2019,2.38963,1
15/03/2019,2.39038,1
14/03/2019,2.39038,1
13/03/2019,2.39013,1
12/03/2019,2.39038,1
11/03/2019,2.39025,1
08/03/2019,2.38688,1
07/03/2019,2.38975,1
06/03/2019,2.39063,1
05/03/2019,2.39063,1
04/03/2019,2.38238,1
01/03/2019,2.38488,1
28/02/2019,2.38275,1
27/02/2019,2.38825,1
26/02/2019,2.38863,1
25/02/2019,2.38863,1
22/02/2019,2.38788,1
21/02/2019,2.3825,1
20/02/2019,2.38463,1
19/02/2019,2.378,1
15/02/2019,2.387,1
14/02/2019,2.38275,1
13/02/2019,2.38438,1
12/02/2019,2.3835,1
11/02/2019,2.38625,1
08/02/2019,2.38575,1
07/02/2019,2.38313,1
06/02/2019,2.38325,1
05/02/2019,2.38238,1
04/02/2019,2.38413,1
01/02/2019,2.374,1
31/01/2019,2.3835,1
30/01/2019,2.38388,1
29/01/2019,2.38438,1
28/01/2019,2.38488,1
25/01/2019,2.38475,1
24/01/2019,2.3845,1
23/01/2019,2.38413,1
22/01/2019,2.37563,1
18/01/2019,2.38388,1
17/01/2019,2.38463,1
16/01/2019,2.38488,1
15/01/2019,2.38675,1
14/01/2019,2.39013,1
11/01/2019,2.38938,1
10/01/2019,2.39413,1
09/01/2019,2.39075,1
08/01/2019,2.39125,1
07/01/2019,2.39275,1
04/01/2019,2.394,1
03/01/2019,2.39188,1
02/01/2019,2.38675,1
31/12/2018,2.37825,1
28/12/2018,2.39238,1
27/12/2018,2.391,1
24/12/2018,2.38988,1
21/12/2018,2.39163,1
20/12/2018,2.38788,1
19/12/2018,2.18175,1
18/12/2018,2.18025,1
17/12/2018,2.18125,1
14/12/2018,2.18475,1
13/12/2018,2.18438,1
12/12/2018,2.18475,1
11/12/2018,2.18213,1
10/12/2018,2.182,1
07/12/2018,2.18088,1
06/12/2018,2.18238,1
05/12/2018,2.17188,1
04/12/2018,2.17613,1
03/12/2018,2.18188,1
30/11/2018,2.1775,1
29/11/2018,2.18275,1
28/11/2018,2.1825,1
27/11/2018,2.1785,1
26/11/2018,2.183,1
23/11/2018,2.177,1
21/11/2018,2.1805,1
20/11/2018,2.17288,1
19/11/2018,2.18075,1
16/11/2018,2.17538,1
15/11/2018,2.17938,1
14/11/2018,2.17575,1
13/11/2018,2.17788,1
09/11/2018,2.175,1
08/11/2018,2.17988,1
07/11/2018,2.17725,1
06/11/2018,2.17663,1
05/11/2018,2.17525,1
02/11/2018,2.17463,1
01/11/2018,2.17538,1
31/10/2018,2.173,1
30/10/2018,2.18,1
29/10/2018,2.17888,1
26/10/2018,2.17675,1
25/10/2018,2.17425,1
24/10/2018,2.17513,1
23/10/2018,2.17388,1
22/10/2018,2.17063,1
19/10/2018,2.17113,1
18/10/2018,2.17025,1
17/10/2018,2.176,1
16/10/2018,2.17638,1
15/10/2018,2.17725,1
12/10/2018,2.16938,1
11/10/2018,2.17225,1
10/10/2018,2.172,1
09/10/2018,2.1655,1
05/10/2018,2.17175,1
04/10/2018,2.16525,1
03/10/2018,2.16813,1
02/10/2018,2.17725,1
01/10/2018,2.17075,1
28/09/2018,2.17138,1
27/09/2018,2.17388,1
26/09/2018,1.92525,1
25/09/2018,1.91625,1
24/09/2018,1.918,1
21/09/2018,1.92088,1
20/09/2018,1.91738,1
19/09/2018,1.91863,1
18/09/2018,1.91888,1
17/09/2018,1.91463,1
14/09/2018,1.91513,1
13/09/2018,1.91988,1
12/09/2018,1.919,1
11/09/2018,1.91513,1
10/09/2018,1.91913,1
07/09/2018,1.91875,1
06/09/2018,1.91838,1
05/09/2018,1.91875,1
04/09/2018,1.91363,1
31/08/2018,1.91488,1
30/08/2018,1.92,1
29/08/2018,1.91538,1
28/08/2018,1.91488,1
24/08/2018,1.91888,1
23/08/2018,1.91813,1
22/08/2018,1.91775,1
21/08/2018,1.91963,1
20/08/2018,1.9175,1
17/08/2018,1.91688,1
16/08/2018,1.92,1
15/08/2018,1.91375,1
14/08/2018,1.91325,1
13/08/2018,1.9125,1
10/08/2018,1.9125,1
09/08/2018,1.91625,1
08/08/2018,1.91625,1
07/08/2018,1.91338,1
06/08/2018,1.92,1
03/08/2018,1.915,1
02/08/2018,1.92025,1
01/08/2018,1.91563,1
31/07/2018,1.91538,1
30/07/2018,1.916,1
27/07/2018,1.91163,1
26/07/2018,1.91725,1
25/07/2018,1.91488,1
24/07/2018,1.91413,1
23/07/2018,1.91838,1
20/07/2018,1.9135,1
19/07/2018,1.91225,1
18/07/2018,1.91325,1
17/07/2018,1.91825,1
16/07/2018,1.91263,1
13/07/2018,1.91763,1
12/07/2018,1.91763,1
11/07/2018,1.91825,1
10/07/2018,1.91925,1
09/07/2018,1.92588,1
06/07/2018,1.92563,1
05/07/2018,1.92813,1
03/07/2018,1.92813,1
02/07/2018,1.92975,1
29/06/2018,1.93538,1
28/06/2018,1.93325,1
27/06/2018,1.93375,1
26/06/2018,1.935,1
25/06/2018,1.93163,1
22/06/2018,1.928,1
21/06/2018,1.92788,1
20/06/2018,1.93038,1
19/06/2018,1.92888,1
18/06/2018,1.9255,1
15/06/2018,1.92563,1
14/06/2018,1.93563,1
13/06/2018,1.71263,1
12/06/2018,1.71325,1
11/06/2018,1.71463,1
08/06/2018,1.715,1
07/06/2018,1.71438,1
06/06/2018,1.7135,1
05/06/2018,1.712,1
04/06/2018,1.712,1
01/06/2018,1.712,1
31/05/2018,1.71163,1
30/05/2018,1.71163,1
29/05/2018,1.7085,1
25/05/2018,1.70725,1
24/05/2018,1.7085,1
23/05/2018,1.70788,1
22/05/2018,1.7085,1
21/05/2018,1.706,1
18/05/2018,1.70725,1
17/05/2018,1.706,1
16/05/2018,1.70538,1
15/05/2018,1.705,1
14/05/2018,1.705,1
11/05/2018,1.70625,1
10/05/2018,1.705,1
09/05/2018,1.705,1
08/05/2018,1.705,1
04/05/2018,1.70563,1
03/05/2018,1.70438,1
02/05/2018,1.70438,1
01/05/2018,1.70438,1
30/04/2018,1.70369,1
27/04/2018,1.70438,1
26/04/2018,1.70313,1
25/04/2018,1.70313,1
24/04/2018,1.70313,1
23/04/2018,1.70313,1
20/04/2018,1.70313,1
19/04/2018,1.70313,1
18/04/2018,1.705,1
17/04/2018,1.70375,1
16/04/2018,1.70125,1
13/04/2018,1.70188,1
12/04/2018,1.70313,1
11/04/2018,1.70188,1
10/04/2018,1.70188,1
09/04/2018,1.70188,1
06/04/2018,1.70313,1
05/04/2018,1.70313,1
04/04/2018,1.70188,1
03/04/2018,1.69938,1
29/03/2018,1.69688,1
28/03/2018,1.69875,1
27/03/2018,1.6975,1
26/03/2018,1.6975,1
23/03/2018,1.6975,1
22/03/2018,1.6975,1
21/03/2018,1.44875,1
20/03/2018,1.4475,1
19/03/2018,1.4475,1
16/03/2018,1.44625,1
15/03/2018,1.445,1
14/03/2018,1.445,1
13/03/2018,1.445,1
12/03/2018,1.445,1
09/03/2018,1.44688,1
08/03/2018,1.44688,1
07/03/2018,1.44688,1
06/03/2018,1.44688,1
05/03/2018,1.4475,1
02/03/2018,1.4475,1
01/03/2018,1.44625,1
28/02/2018,1.4425,1
27/02/2018,1.4475,1
26/02/2018,1.4475,1
23/02/2018,1.44813,1
22/02/2018,1.44438,1
21/02/2018,1.445,1
20/02/2018,1.445,1
16/02/2018,1.445,1
15/02/2018,1.44375,1
14/02/2018,1.44375,1
13/02/2018,1.44375,1
12/02/2018,1.4425,1
09/02/2018,1.44,1
08/02/2018,1.43875,1
07/02/2018,1.43875,1
06/02/2018,1.43875,1
05/02/2018,1.43938,1
02/02/2018,1.44375,1
01/02/2018,1.44375,1
31/01/2018,1.43938,1
30/01/2018,1.43938,1
29/01/2018,1.43938,1
26/01/2018,1.43813,1
25/01/2018,1.43813,1
24/01/2018,1.4375,1
23/01/2018,1.4375,1
22/01/2018,1.4375,1
19/01/2018,1.4375,1
18/01/2018,1.4375,1
17/01/2018,1.4375,1
16/01/2018,1.43875,1
12/01/2018,1.4375,1
11/01/2018,1.4375,1
10/01/2018,1.43625,1
09/01/2018,1.4375,1
08/01/2018,1.4375,1
05/01/2018,1.4375,1
04/01/2018,1.4375,1
03/01/2018,1.43875,1
02/01/2018,1.4375,1
29/12/2017,1.42875,1
28/12/2017,1.4375,1
27/12/2017,1.435,1
22/12/2017,1.43438,1
21/12/2017,1.43438,1
20/12/2017,1.43438,1
19/12/2017,1.43313,1
18/12/2017,1.43313,1
15/12/2017,1.43313,1
14/12/2017,1.4275,1
13/12/2017,1.1825,1
12/12/2017,1.1825,1
11/12/2017,1.1825,1
08/12/2017,1.1825,1
07/12/2017,1.1825,1
06/12/2017,1.1825,1
05/12/2017,1.1825,1
04/12/2017,1.1825,1
01/12/2017,1.1825,1
30/11/2017,1.18,1
29/11/2017,1.18625,1
28/11/2017,1.185,1
27/11/2017,1.18375,1
24/11/2017,1.18375,1
22/11/2017,1.18278,1
21/11/2017,1.18278,1
20/11/2017,1.18278,1
17/11/2017,1.18278,1
16/11/2017,1.18278,1
15/11/2017,1.18278,1
14/11/2017,1.18278,1
13/11/2017,1.18278,1
10/11/2017,1.18333,1
09/11/2017,1.18333,1
08/11/2017,1.18333,1
07/11/2017,1.18389,1
06/11/2017,1.18389,1
03/11/2017,1.18444,1
02/11/2017,1.18389,1
01/11/2017,1.18222,1
31/10/2017,1.18222,1
30/10/2017,1.185,1
27/10/2017,1.18444,1
26/10/2017,1.18444,1
25/10/2017,1.18444,1
24/10/2017,1.18444,1
23/10/2017,1.18444,1
20/10/2017,1.18444,1
19/10/2017,1.185,1
18/10/2017,1.18444,1
17/10/2017,1.18444,1
16/10/2017,1.18444,1
13/10/2017,1.18444,1
12/10/2017,1.18444,1
11/10/2017,1.18333,1
10/10/2017,1.18167,1
06/10/2017,1.18222,1
05/10/2017,1.18222,1
04/10/2017,1.18222,1
03/10/2017,1.18056,1
02/10/2017,1.18,1
29/09/2017,1.18167,1
28/09/2017,1.18111,1
27/09/2017,1.18,1
26/09/2017,1.17833,1
25/09/2017,1.17833,1
22/09/2017,1.17889,1
21/09/2017,1.17889,1
20/09/2017,1.17889,1
19/09/2017,1.17889,1
18/09/2017,1.17889,1
15/09/2017,1.17889,1
14/09/2017,1.17889,1
13/09/2017,1.17722,1
12/09/2017,1.17778,1
11/09/2017,1.17778,1
08/09/2017,1.17722,1
07/09/2017,1.17611,1
06/09/2017,1.17611,1
05/09/2017,1.17778,1
01/09/2017,1.17722,1
31/08/2017,1.17556,1
30/08/2017,1.17778,1
29/08/2017,1.17833,1
25/08/2017,1.17778,1
24/08/2017,1.17778,1
23/08/2017,1.17778,1
22/08/2017,1.17778,1
21/08/2017,1.17778,1
18/08/2017,1.17722,1
17/08/2017,1.17778,1
16/08/2017,1.17889,1
15/08/2017,1.17778,1
14/08/2017,1.17778,1
11/08/2017,1.17778,1
10/08/2017,1.17778,1
09/08/2017,1.17778,1
08/08/2017,1.17778,1
07/08/2017,1.17722,1
04/08/2017,1.17778,1
03/08/2017,1.17722,1
02/08/2017,1.17722,1
01/08/2017,1.17556,1
31/07/2017,1.17611,1
28/07/2017,1.17833,1
27/07/2017,1.17722,1
26/07/2017,1.17778,1
25/07/2017,1.18,1
24/07/2017,1.17889,1
21/07/2017,1.17889,1
20/07/2017,1.17889,1
19/07/2017,1.17889,1
18/07/2017,1.17722,1
17/07/2017,1.17778,1
14/07/2017,1.17722,1
13/07/2017,1.17833,1
12/07/2017,1.17833,1
11/07/2017,1.17722,1
10/07/2017,1.17444,1
07/07/2017,1.17389,1
06/07/2017,1.17389,1
05/07/2017,1.17389,1
03/07/2017,1.17167,1
30/06/2017,1.16167,1
29/06/2017,1.17333,1
28/06/2017,1.17667,1
27/06/2017,1.17611,1
26/06/2017,1.17611,1
23/06/2017,1.17667,1
22/06/2017,1.17722,1
21/06/2017,1.17722,1
20/06/2017,1.17611,1
19/06/2017,1.17667,1
16/06/2017,1.17722,1
15/06/2017,1.175,1
14/06/2017,0.93111,1
13/06/2017,0.93111,1
12/06/2017,0.93111,1
09/06/2017,0.93111,1
08/06/2017,0.93056,1
07/06/2017,0.93111,1
06/06/2017,0.93056,1
05/06/2017,0.93111,1
02/06/2017,0.93111,1
01/06/2017,0.93111,1
31/05/2017,0.92889,1
30/05/2017,0.93111,1
26/05/2017,0.93,1
25/05/2017,0.93,1
24/05/2017,0.93056,1
23/05/2017,0.93056,1
22/05/2017,0.92889,1
19/05/2017,0.92889,1
18/05/2017,0.92778,1
17/05/2017,0.92833,1
16/05/2017,0.92833,1
15/05/2017,0.92889,1
12/05/2017,0.92833,1
11/05/2017,0.92833,1
10/05/2017,0.92833,1
09/05/2017,0.92722,1
08/05/2017,0.92778,1
05/05/2017,0.92778,1
04/05/2017,0.92778,1
03/05/2017,0.92722,1
02/05/2017,0.92667,1
28/04/2017,0.92944,1
27/04/2017,0.93056,1
26/04/2017,0.93028,1
25/04/2017,0.92833,1
24/04/2017,0.92667,1
21/04/2017,0.92944,1
20/04/2017,0.92944,1
19/04/2017,0.93,1
18/04/2017,0.93,1
13/04/2017,0.92611,1
12/04/2017,0.92778,1
11/04/2017,0.92722,1
10/04/2017,0.92722,1
07/04/2017,0.93056,1
06/04/2017,0.93,1
05/04/2017,0.93111,1
04/04/2017,0.93,1
03/04/2017,0.92722,1
31/03/2017,0.92167,1
30/03/2017,0.92667,1
29/03/2017,0.92556,1
28/03/2017,0.925,1
27/03/2017,0.92444,1
24/03/2017,0.92667,1
23/03/2017,0.92611,1
22/03/2017,0.92667,1
21/03/2017,0.92533,1
20/03/2017,0.92644,1
17/03/2017,0.92422,1
16/03/2017,0.92578,1
15/03/2017,0.68667,1
14/03/2017,0.68689,1
13/03/2017,0.68278,1
10/03/2017,0.68189,1
09/03/2017,0.68211,1
08/03/2017,0.68211,1
07/03/2017,0.68278,1
06/03/2017,0.68278,1
03/03/2017,0.68278,1
02/03/2017,0.68278,1
01/03/2017,0.68167,1
28/02/2017,0.68056,1
27/02/2017,0.68333,1
24/02/2017,0.68278,1
23/02/2017,0.68333,1
22/02/2017,0.68333,1
21/02/2017,0.68611,1
17/02/2017,0.68611,1
16/02/2017,0.68611,1
15/02/2017,0.68556,1
14/02/2017,0.68722,1
13/02/2017,0.68722,1
10/02/2017,0.68778,1
09/02/2017,0.68667,1
08/02/2017,0.68667,1
07/02/2017,0.68778,1
06/02/2017,0.68833,1
03/02/2017,0.69278,1
02/02/2017,0.68833,1
01/02/2017,0.69111,1
31/01/2017,0.69,1
30/01/2017,0.69167,1
27/01/2017,0.69,1
26/01/2017,0.68722,1
25/01/2017,0.68833,1
24/01/2017,0.68833,1
23/01/2017,0.68889,1
20/01/2017,0.68833,1
19/01/2017,0.69,1
18/01/2017,0.68944,1
17/01/2017,0.69,1
13/01/2017,0.69278,1
12/01/2017,0.69278,1
11/01/2017,0.69278,1
10/01/2017,0.69333,1
09/01/2017,0.693,1
06/01/2017,0.691,1
05/01/2017,0.69222,1
04/01/2017,0.69044,1
03/01/2017,0.69544,1
30/12/2016,0.69211,1
29/12/2016,0.68822,1
28/12/2016,0.68656,1
23/12/2016,0.69378,1
22/12/2016,0.68656,1
21/12/2016,0.686,1
20/12/2016,0.68378,1
19/12/2016,0.68111,1
16/12/2016,0.68389,1
15/12/2016,0.67889,1
14/12/2016,0.43867,1
13/12/2016,0.437,1
12/12/2016,0.437,1
09/12/2016,0.43422,1
08/12/2016,0.43311,1
07/12/2016,0.43367,1
06/12/2016,0.43422,1
05/12/2016,0.43478,1
02/12/2016,0.43478,1
01/12/2016,0.43422,1
30/11/2016,0.43056,1
29/11/2016,0.43422,1
28/11/2016,0.43422,1
25/11/2016,0.43478,1
23/11/2016,0.43422,1
22/11/2016,0.43367,1
21/11/2016,0.43367,1
18/11/2016,0.43367,1
17/11/2016,0.43456,1
16/11/2016,0.43289,1
15/11/2016,0.43289,1
14/11/2016,0.43344,1
10/11/2016,0.43233,1
09/11/2016,0.43233,1
08/11/2016,0.434,1
07/11/2016,0.43456,1
04/11/2016,0.43511,1
03/11/2016,0.43678,1
02/11/2016,0.43733,1
01/11/2016,0.43456,1
31/10/2016,0.43344,1
28/10/2016,0.43544,1
27/10/2016,0.43489,1
26/10/2016,0.43433,1
25/10/2016,0.43433,1
24/10/2016,0.43211,1
21/10/2016,0.43322,1
20/10/2016,0.43322,1
19/10/2016,0.43378,1
18/10/2016,0.43322,1
17/10/2016,0.43322,1
14/10/2016,0.43044,1
13/10/2016,0.431,1
12/10/2016,0.42878,1
11/10/2016,0.42767,1
07/10/2016,0.42656,1
06/10/2016,0.42878,1
05/10/2016,0.42822,1
04/10/2016,0.42433,1
03/10/2016,0.42267,1
30/09/2016,0.42378,1
29/09/2016,0.41989,1
28/09/2016,0.42063,1
27/09/2016,0.42544,1
26/09/2016,0.42433,1
23/09/2016,0.42322,1
22/09/2016,0.42322,1
21/09/2016,0.42211,1
20/09/2016,0.42211,1
19/09/2016,0.42156,1
16/09/2016,0.42044,1
15/09/2016,0.42156,1
14/09/2016,0.42211,1
13/09/2016,0.421,1
12/09/2016,0.421,1
09/09/2016,0.42156,1
08/09/2016,0.42211,1
07/09/2016,0.42156,1
06/09/2016,0.42044,1
02/09/2016,0.42044,1
01/09/2016,0.41611,1
31/08/2016,0.41944,1
30/08/2016,0.41944,1
26/08/2016,0.41833,1
25/08/2016,0.41989,1
24/08/2016,0.41833,1
23/08/2016,0.41778,1
22/08/2016,0.41667,1
19/08/2016,0.41556,1
18/08/2016,0.41722,1
17/08/2016,0.41722,1
16/08/2016,0.41778,1
15/08/2016,0.41889,1
12/08/2016,0.4191,1
11/08/2016,0.4202,1
10/08/2016,0.4197,1
09/08/2016,0.4188,1
08/08/2016,0.4189,1
05/08/2016,0.4189,1
04/08/2016,0.4179,1
03/08/2016,0.4174,1
02/08/2016,0.4179,1
01/08/2016,0.4144,1
29/07/2016,0.4129,1
28/07/2016,0.4159,1
27/07/2016,0.4164,1
26/07/2016,0.4179,1
25/07/2016,0.4179,1
22/07/2016,0.4179,1
21/07/2016,0.4179,1
20/07/2016,0.4174,1
19/07/2016,0.4159,1
18/07/2016,0.4159,1
15/07/2016,0.4152,1
14/07/2016,0.4122,1
13/07/2016,0.4127,1
12/07/2016,0.4122,1
11/07/2016,0.4137,1
08/07/2016,0.4122,1
07/07/2016,0.4127,1
06/07/2016,0.4112,1
05/07/2016,0.4096,1
01/07/2016,0.4061,1
30/06/2016,0.4116,1
29/06/2016,0.4051,1
28/06/2016,0.4016,1
27/06/2016,0.4001,1
24/06/2016,0.3934,1
23/06/2016,0.3911,1
22/06/2016,0.3896,1
21/06/2016,0.3901,1
20/06/2016,0.3901,1
17/06/2016,0.3865,1
16/06/2016,0.3855,1
15/06/2016,0.385,1
14/06/2016,0.3855,1
13/06/2016,0.3855,1
10/06/2016,0.3861,1
09/06/2016,0.3856,1
08/06/2016,0.3876,1
07/06/2016,0.3865,1
06/06/2016,0.3861,1
03/06/2016,0.3861,1
02/06/2016,0.3855,1
01/06/2016,0.3855,1
31/05/2016,0.3865,1
27/05/2016,0.385,1
26/05/2016,0.3861,1
25/05/2016,0.3861,1
24/05/2016,0.385,1
23/05/2016,0.385,1
20/05/2016,0.3845,1
19/05/2016,0.384,1
18/05/2016,0.385,1
17/05/2016,0.386,1
16/05/2016,0.3855,1
13/05/2016,0.3855,1
12/05/2016,0.385,1
11/05/2016,0.385,1
10/05/2016,0.3845,1
09/05/2016,0.385,1
06/05/2016,0.385,1
05/05/2016,0.385,1
04/05/2016,0.3858,1
03/05/2016,0.3857,1
29/04/2016,0.3837,1
28/04/2016,0.3827,1
27/04/2016,0.3802,1
26/04/2016,0.3807,1
25/04/2016,0.3812,1
22/04/2016,0.3812,1
21/04/2016,0.3817,1
20/04/2016,0.3822,1
19/04/2016,0.3827,1
18/04/2016,0.3812,1
15/04/2016,0.3807,1
14/04/2016,0.3797,1
13/04/2016,0.3802,1
12/04/2016,0.3792,1
11/04/2016,0.3792,1
08/04/2016,0.3775,1
07/04/2016,0.3782,1
06/04/2016,0.3782,1
05/04/2016,0.3777,1
04/04/2016,0.3794,1
01/04/2016,0.3791,1
31/03/2016,0.3831,1
30/03/2016,0.3772,1
29/03/2016,0.3755,1
24/03/2016,0.3745,1
23/03/2016,0.3753,1
22/03/2016,0.3743,1
21/03/2016,0.3743,1
18/03/2016,0.3743,1
17/03/2016,0.3748,1
16/03/2016,0.3743,1
15/03/2016,0.3753,1
14/03/2016,0.3743,1
11/03/2016,0.3725,1
10/03/2016,0.3725,1
09/03/2016,0.372,1
08/03/2016,0.372,1
07/03/2016,0.372,1
04/03/2016,0.372,1
03/03/2016,0.373,1
02/03/2016,0.3715,1
01/03/2016,0.3679,1
29/02/2016,0.3715,1
26/02/2016,0.3745,1
25/02/2016,0.3743,1
24/02/2016,0.3715,1
23/02/2016,0.371,1
22/02/2016,0.371,1
19/02/2016,0.3709,1
18/02/2016,0.3714,1
17/02/2016,0.37,1
16/02/2016,0.371,1
12/02/2016,0.3708,1
11/02/2016,0.3715,1
10/02/2016,0.3731,1
09/02/2016,0.3771,1
08/02/2016,0.3763,1
05/02/2016,0.37,1
04/02/2016,0.3704,1
03/02/2016,0.3686,1
02/02/2016,0.369,1
01/02/2016,0.366,1
29/01/2016,0.3674,1
28/01/2016,0.3684,1
27/01/2016,0.3659,1
26/01/2016,0.3657,1
25/01/2016,0.366,1
22/01/2016,0.3659,1
21/01/2016,0.3658,1
20/01/2016,0.3655,1
19/01/2016,0.366,1
15/01/2016,0.3661,1
14/01/2016,0.3661,1
13/01/2016,0.3663,1
12/01/2016,0.3661,1
11/01/2016,0.3661,1
08/01/2016,0.3662,1
07/01/2016,0.3651,1
06/01/2016,0.3661,1
05/01/2016,0.365,1
04/01/2016,0.3658,1
31/12/2015,0.2745,1
30/12/2015,0.3661,1
29/12/2015,0.366,1
24/12/2015,0.3671,1
23/12/2015,0.3673,1
22/12/2015,0.3674,1
21/12/2015,0.3672,1
18/12/2015,0.3658,1
17/12/2015,0.3614,1
16/12/2015,0.1518,1
15/12/2015,0.1355,1
14/12/2015,0.135,1
11/12/2015,0.1335,1
10/12/2015,0.1315,1
09/12/2015,0.1295,1
08/12/2015,0.1295,1
07/12/2015,0.13,1
04/12/2015,0.1305,1
03/12/2015,0.1305,1
02/12/2015,0.1305,1
01/12/2015,0.1305,1
30/11/2015,0.128,1
27/11/2015,0.1305,1
25/11/2015,0.1305,1
24/11/2015,0.1305,1
23/11/2015,0.1305,1
20/11/2015,0.131,1
19/11/2015,0.13,1
18/11/2015,0.131,1
17/11/2015,0.131,1
16/11/2015,0.131,1
13/11/2015,0.131,1
12/11/2015,0.1305,1
10/11/2015,0.131,1
09/11/2015,0.131,1
06/11/2015,0.131,1
05/11/2015,0.131,1
04/11/2015,0.131,1
03/11/2015,0.131,1
02/11/2015,0.131,1
30/10/2015,0.1248,1
29/10/2015,0.132,1
28/10/2015,0.132,1
27/10/2015,0.1315,1
26/10/2015,0.1315,1
23/10/2015,0.1315,1
22/10/2015,0.132,1
21/10/2015,0.132,1
20/10/2015,0.132,1
19/10/2015,0.1315,1
16/10/2015,0.132,1
15/10/2015,0.1325,1
14/10/2015,0.132,1
13/10/2015,0.132,1
09/10/2015,0.132,1
08/10/2015,0.131,1
07/10/2015,0.1315,1
06/10/2015,0.132,1
05/10/2015,0.1325,1
02/10/2015,0.1325,1
01/10/2015,0.1325,1
30/09/2015,0.1162,1
29/09/2015,0.1335,1
28/09/2015,0.1345,1
25/09/2015,0.1345,1
24/09/2015,0.136,1
23/09/2015,0.136,1
22/09/2015,0.1355,1
21/09/2015,0.1355,1
18/09/2015,0.1375,1
17/09/2015,0.1375,1
16/09/2015,0.1365,1
15/09/2015,0.1365,1
14/09/2015,0.136,1
11/09/2015,0.1355,1
10/09/2015,0.1345,1
09/09/2015,0.135,1
08/09/2015,0.1355,1
04/09/2015,0.1355,1
03/09/2015,0.1355,1
02/09/2015,0.133,1
01/09/2015,0.132,1
28/08/2015,0.1335,1
27/08/2015,0.1335,1
26/08/2015,0.133,1
25/08/2015,0.1325,1
24/08/2015,0.133,1
21/08/2015,0.133,1
20/08/2015,0.133,1
19/08/2015,0.133,1
18/08/2015,0.1325,1
17/08/2015,0.1325,1
14/08/2015,0.1305,1
13/08/2015,0.1285,1
12/08/2015,0.128,1
11/08/2015,0.1275,1
10/08/2015,0.1265,1
07/08/2015,0.126,1
06/08/2015,0.126,1
05/08/2015,0.1265,1
04/08/2015,0.1265,1
03/08/2015,0.1265,1
31/07/2015,0.1214,1
30/07/2015,0.1265,1
29/07/2015,0.126,1
28/07/2015,0.126,1
27/07/2015,0.126,1
24/07/2015,0.1265,1
23/07/2015,0.1265,1
22/07/2015,0.1285,1
21/07/2015,0.1275,1
20/07/2015,0.1275,1
17/07/2015,0.128,1
16/07/2015,0.128,1
15/07/2015,0.128,1
14/07/2015,0.128,1
13/07/2015,0.128,1
10/07/2015,0.1265,1
09/07/2015,0.1255,1
08/07/2015,0.1255,1
07/07/2015,0.126,1
06/07/2015,0.1255,1
03/07/2015,0.1255,1
02/07/2015,0.125,1
01/07/2015,0.123,1
30/06/2015,0.112,1
29/06/2015,0.1236,1
26/06/2015,0.124,1
25/06/2015,0.1245,1
24/06/2015,0.1235,1
23/06/2015,0.124,1
22/06/2015,0.1245,1
19/06/2015,0.1245,1
18/06/2015,0.1235,1
17/06/2015,0.123,1
16/06/2015,0.1235,1
15/06/2015,0.1235,1
12/06/2015,0.123,1
11/06/2015,0.123,1
10/06/2015,0.123,1
09/06/2015,0.123,1
08/06/2015,0.123,1
05/06/2015,0.123,1
04/06/2015,0.123,1
03/06/2015,0.123,1
02/06/2015,0.1235,1
01/06/2015,0.123,1
29/05/2015,0.121,1
28/05/2015,0.123,1
27/05/2015,0.123,1
26/05/2015,0.123,1
22/05/2015,0.124,1
21/05/2015,0.124,1
20/05/2015,0.124,1
19/05/2015,0.124,1
18/05/2015,0.124,1
15/05/2015,0.124,1
14/05/2015,0.123,1
13/05/2015,0.123,1
12/05/2015,0.123,1
11/05/2015,0.123,1
08/05/2015,0.123,1
07/05/2015,0.123,1
06/05/2015,0.123,1
05/05/2015,0.123,1
01/05/2015,0.122,1
30/04/2015,0.12,1
29/04/2015,0.123,1
28/04/2015,0.123,1
27/04/2015,0.1225,1
24/04/2015,0.1225,1
23/04/2015,0.1225,1
22/04/2015,0.122,1
21/04/2015,0.1225,1
20/04/2015,0.122,1
17/04/2015,0.122,1
16/04/2015,0.122,1
15/04/2015,0.122,1
14/04/2015,0.122,1
13/04/2015,0.122,1
10/04/2015,0.122,1
09/04/2015,0.121,1
08/04/2015,0.121,1
07/04/2015,0.122,1
02/04/2015,0.1215,1
01/04/2015,0.1225,1
31/03/2015,0.114,1
30/03/2015,0.12,1
27/03/2015,0.121,1
26/03/2015,0.121,1
25/03/2015,0.1215,1
24/03/2015,0.122,1
23/03/2015,0.1225,1
20/03/2015,0.122,1
19/03/2015,0.122,1
18/03/2015,0.122,1
17/03/2015,0.1225,1
16/03/2015,0.123,1
13/03/2015,0.123,1
12/03/2015,0.1225,1
11/03/2015,0.122,1
10/03/2015,0.122,1
09/03/2015,0.1215,1
06/03/2015,0.1215,1
05/03/2015,0.1215,1
04/03/2015,0.1215,1
03/03/2015,0.1215,1
02/03/2015,0.1192,1
27/02/2015,0.116,1
26/02/2015,0.118,1
25/02/2015,0.118,1
24/02/2015,0.119,1
23/02/2015,0.119,1
20/02/2015,0.1205,1
19/02/2015,0.1185,1
18/02/2015,0.118,1
17/02/2015,0.1175,1
13/02/2015,0.1175,1
12/02/2015,0.1195,1
11/02/2015,0.118,1
10/02/2015,0.116,1
09/02/2015,0.117,1
06/02/2015,0.1175,1
05/02/2015,0.118,1
04/02/2015,0.118,1
03/02/2015,0.1175,1
02/02/2015,0.116,1
30/01/2015,0.115,1
29/01/2015,0.1194,1
28/01/2015,0.1177,1
27/01/2015,0.1196,1
26/01/2015,0.1199,1
23/01/2015,0.1199,1
22/01/2015,0.1214,1
21/01/2015,0.1214,1
20/01/2015,0.1208,1
16/01/2015,0.1201,1
15/01/2015,0.1201,1
14/01/2015,0.1196,1
13/01/2015,0.1167,1
12/01/2015,0.1165,1
09/01/2015,0.1191,1
08/01/2015,0.1191,1
07/01/2015,0.1189,1
06/01/2015,0.1187,1
05/01/2015,0.1164,1
02/01/2015,0.1126,1
31/12/2014,0.0852,1
30/12/2014,0.1146,1
29/12/2014,0.1161,1
24/12/2014,0.1151,1
23/12/2014,0.1141,1
22/12/2014,0.1142,1
19/12/2014,0.114,1
18/12/2014,0.1117,1
17/12/2014,0.1108,1
16/12/2014,0.11,1
15/12/2014,0.1105,1
12/12/2014,0.1104,1
11/12/2014,0.1125,1
10/12/2014,0.112,1
09/12/2014,0.11,1
08/12/2014,0.111,1
05/12/2014,0.111,1
04/12/2014,0.111,1
03/12/2014,0.1095,1
02/12/2014,0.1067,1
01/12/2014,0.1017,1
28/11/2014,0.0977,1
26/11/2014,0.102,1
25/11/2014,0.1025,1
24/11/2014,0.1015,1
21/11/2014,0.1015,1
20/11/2014,0.0994,1
19/11/2014,0.0985,1
18/11/2014,0.0964,1
17/11/2014,0.0945,1
14/11/2014,0.094,1
13/11/2014,0.0939,1
12/11/2014,0.0945,1
10/11/2014,0.094,1
07/11/2014,0.094,1
06/11/2014,0.0935,1
05/11/2014,0.0925,1
04/11/2014,0.0925,1
03/11/2014,0.0925,1
31/10/2014,0.088,1
30/10/2014,0.0911,1
29/10/2014,0.0915,1
28/10/2014,0.0905,1
27/10/2014,0.09,1
24/10/2014,0.0905,1
23/10/2014,0.0905,1
22/10/2014,0.0915,1
21/10/2014,0.091,1
20/10/2014,0.0915,1
17/10/2014,0.091,1
16/10/2014,0.0913,1
15/10/2014,0.092,1
14/10/2014,0.091,1
10/10/2014,0.0905,1
09/10/2014,0.0904,1
08/10/2014,0.09,1
07/10/2014,0.0902,1
06/10/2014,0.0905,1
03/10/2014,0.0899,1
02/10/2014,0.0895,1
01/10/2014,0.0908,1
30/09/2014,0.0808,1
29/09/2014,0.0905,1
26/09/2014,0.0905,1
25/09/2014,0.0908,1
24/09/2014,0.0908,1
23/09/2014,0.0909,1
22/09/2014,0.0903,1
19/09/2014,0.0912,1
18/09/2014,0.0907,1
17/09/2014,0.091,1
16/09/2014,0.091,1
15/09/2014,0.091,1
12/09/2014,0.091,1
11/09/2014,0.0906,1
10/09/2014,0.0909,1
09/09/2014,0.0905,1
08/09/2014,0.091,1
05/09/2014,0.091,1
04/09/2014,0.091,1
03/09/2014,0.0905,1
02/09/2014,0.0905,1
29/08/2014,0.0895,1
28/08/2014,0.0915,1
27/08/2014,0.092,1
26/08/2014,0.092,1
22/08/2014,0.0919,1
21/08/2014,0.092,1
20/08/2014,0.0911,1
19/08/2014,0.0919,1
18/08/2014,0.0914,1
15/08/2014,0.0915,1
14/08/2014,0.0911,1
13/08/2014,0.0903,1
12/08/2014,0.0901,1
11/08/2014,0.0902,1
08/08/2014,0.0895,1
07/08/2014,0.0895,1
06/08/2014,0.0899,1
05/08/2014,0.0899,1
04/08/2014,0.0905,1
01/08/2014,0.0899,1
31/07/2014,0.0865,1
30/07/2014,0.091,1
29/07/2014,0.0911,1
28/07/2014,0.0907,1
25/07/2014,0.0915,1
24/07/2014,0.0913,1
23/07/2014,0.092,1
22/07/2014,0.0925,1
21/07/2014,0.0915,1
18/07/2014,0.093,1
17/07/2014,0.0925,1
16/07/2014,0.0924,1
15/07/2014,0.0942,1
14/07/2014,0.0934,1
11/07/2014,0.0939,1
10/07/2014,0.094,1
09/07/2014,0.0942,1
08/07/2014,0.0941,1
07/07/2014,0.0945,1
03/07/2014,0.0954,1
02/07/2014,0.0959,1
01/07/2014,0.095,1
30/06/2014,0.0936,1
27/06/2014,0.0966,1
26/06/2014,0.0962,1
25/06/2014,0.0955,1
24/06/2014,0.096,1
23/06/2014,0.0953,1
20/06/2014,0.0955,1
19/06/2014,0.095,1
18/06/2014,0.096,1
17/06/2014,0.094,1
16/06/2014,0.0921,1
13/06/2014,0.0922,1
12/06/2014,0.0919,1
11/06/2014,0.0888,1
10/06/2014,0.0893,1
09/06/2014,0.0901,1
06/06/2014,0.0909,1
05/06/2014,0.0925,1
04/06/2014,0.09,1
03/06/2014,0.088,1
02/06/2014,0.089,1
30/05/2014,0.0866,1
29/05/2014,0.0875,1
28/05/2014,0.0885,1
27/05/2014,0.0884,1
23/05/2014,0.0877,1
22/05/2014,0.0883,1
21/05/2014,0.088,1
20/05/2014,0.0879,1
19/05/2014,0.0875,1
16/05/2014,0.0884,1
15/05/2014,0.0893,1
14/05/2014,0.0879,1
13/05/2014,0.0898,1
12/05/2014,0.0894,1
09/05/2014,0.0886,1
08/05/2014,0.0885,1
07/05/2014,0.0891,1
06/05/2014,0.0905,1
02/05/2014,0.0885,1
01/05/2014,0.088,1
30/04/2014,0.0876,1
29/04/2014,0.0882,1
28/04/2014,0.0895,1
25/04/2014,0.0897,1
24/04/2014,0.0889,1
23/04/2014,0.0898,1
22/04/2014,0.0915,1
17/04/2014,0.0905,1
16/04/2014,0.0907,1
15/04/2014,0.088,1
14/04/2014,0.087,1
11/04/2014,0.087,1
10/04/2014,0.0885,1
09/04/2014,0.0886,1
08/04/2014,0.0885,1
07/04/2014,0.0865,1
04/04/2014,0.0884,1
03/04/2014,0.0881,1
02/04/2014,0.0874,1
01/04/2014,0.0884,1
31/03/2014,0.0855,1
28/03/2014,0.0899,1
27/03/2014,0.0908,1
26/03/2014,0.0903,1
25/03/2014,0.0904,1
24/03/2014,0.0903,1
21/03/2014,0.0905,1
20/03/2014,0.0885,1
19/03/2014,0.089,1
18/03/2014,0.0885,1
17/03/2014,0.0886,1
14/03/2014,0.0878,1
13/03/2014,0.0879,1
12/03/2014,0.0889,1
11/03/2014,0.0885,1
10/03/2014,0.0901,1
07/03/2014,0.0877,1
06/03/2014,0.0876,1
05/03/2014,0.0879,1
04/03/2014,0.0883,1
03/03/2014,0.0878,1
28/02/2014,0.09,1
27/02/2014,0.0887,1
26/02/2014,0.0882,1
25/02/2014,0.0876,1
24/02/2014,0.0874,1
21/02/2014,0.0865,1
20/02/2014,0.0865,1
19/02/2014,0.0861,1
18/02/2014,0.084,1
14/02/2014,0.0856,1
13/02/2014,0.086,1
12/02/2014,0.0865,1
11/02/2014,0.085,1
10/02/2014,0.0856,1
07/02/2014,0.0856,1
06/02/2014,0.085,1
05/02/2014,0.085,1
04/02/2014,0.085,1
03/02/2014,0.0855,1
31/01/2014,0.0862,1
30/01/2014,0.085,1
29/01/2014,0.0847,1
28/01/2014,0.0851,1
27/01/2014,0.0866,1
24/01/2014,0.0887,1
23/01/2014,0.0898,1
22/01/2014,0.0901,1
21/01/2014,0.0896,1
17/01/2014,0.0886,1
16/01/2014,0.0896,1
15/01/2014,0.09,1
14/01/2014,0.0921,1
13/01/2014,0.0921,1
10/01/2014,0.0918,1
09/01/2014,0.0919,1
08/01/2014,0.0925,1
07/01/2014,0.0926,1
06/01/2014,0.0945,1
03/01/2014,0.095,1
02/01/2014,0.0956,1
31/12/2013,0.0795,1
30/12/2013,0.096,1
27/12/2013,0.096,1
24/12/2013,0.1007,1
23/12/2013,0.1011,1
20/12/2013,0.1018,1
19/12/2013,0.102,1
18/12/2013,0.1021,1
17/12/2013,0.1018,1
16/12/2013,0.1017,1
13/12/2013,0.1,1
12/12/2013,0.1013,1
11/12/2013,0.1015,1
10/12/2013,0.1021,1
09/12/2013,0.1037,1
06/12/2013,0.1041,1
05/12/2013,0.103,1
04/12/2013,0.1025,1
03/12/2013,0.1026,1
02/12/2013,0.101,1
29/11/2013,0.1047,1
27/11/2013,0.1029,1
26/11/2013,0.1033,1
25/11/2013,0.1041,1
22/11/2013,0.1028,1
21/11/2013,0.1031,1
20/11/2013,0.1036,1
19/11/2013,0.1037,1
18/11/2013,0.1063,1
15/11/2013,0.1049,1
14/11/2013,0.1017,1
13/11/2013,0.1012,1
12/11/2013,0.1006,1
08/11/2013,0.1021,1
07/11/2013,0.1017,1
06/11/2013,0.1023,1
05/11/2013,0.1024,1
04/11/2013,0.1014,1
01/11/2013,0.0999,1
31/10/2013,0.1037,1
30/10/2013,0.1024,1
29/10/2013,0.1035,1
28/10/2013,0.1033,1
25/10/2013,0.1024,1
24/10/2013,0.1026,1
23/10/2013,0.1051,1
22/10/2013,0.1051,1
21/10/2013,0.1066,1
18/10/2013,0.109,1
17/10/2013,0.1077,1
16/10/2013,0.1069,1
15/10/2013,0.1048,1
11/10/2013,0.1038,1
10/10/2013,0.1065,1
09/10/2013,0.1022,1
08/10/2013,0.1018,1
07/10/2013,0.1022,1
04/10/2013,0.1013,1
03/10/2013,0.1032,1
02/10/2013,0.1051,1
01/10/2013,0.105,1
30/09/2013,0.1052,1
27/09/2013,0.1093,1
26/09/2013,0.1104,1
25/09/2013,0.1111,1
24/09/2013,0.1105,1
23/09/2013,0.1114,1
20/09/2013,0.1119,1
19/09/2013,0.1114,1
18/09/2013,0.1115,1
17/09/2013,0.1115,1
16/09/2013,0.113,1
13/09/2013,0.1119,1
12/09/2013,0.1128,1
11/09/2013,0.114,1
10/09/2013,0.1152,1
09/09/2013,0.1157,1
06/09/2013,0.1165,1
05/09/2013,0.1165,1
04/09/2013,0.1158,1
03/09/2013,0.1153,1
30/08/2013,0.1163,1
29/08/2013,0.117,1
28/08/2013,0.118,1
27/08/2013,0.1173,1
23/08/2013,0.1168,1
22/08/2013,0.1157,1
21/08/2013,0.1153,1
20/08/2013,0.1162,1
19/08/2013,0.1165,1
16/08/2013,0.1176,1
15/08/2013,0.1178,1
14/08/2013,0.1183,1
13/08/2013,0.1189,1
12/08/2013,0.1198,1
09/08/2013,0.1196,1
08/08/2013,0.1207,1
07/08/2013,0.1198,1
06/08/2013,0.1196,1
05/08/2013,0.1186,1
02/08/2013,0.11703,1
01/08/2013,0.1176,1
31/07/2013,0.1187,1
30/07/2013,0.119,1
29/07/2013,0.1198,1
26/07/2013,0.11874,1
25/07/2013,0.11938,1
24/07/2013,0.11965,1
23/07/2013,0.11935,1
22/07/2013,0.12021,1
19/07/2013,0.11746,1
18/07/2013,0.11812,1
17/07/2013,0.11768,1
16/07/2013,0.11894,1
15/07/2013,0.11979,1
12/07/2013,0.1202,1
11/07/2013,0.1209,1
10/07/2013,0.1251,1
09/07/2013,0.1251,1
08/07/2013,0.1243,1
05/07/2013,0.1253,1
03/07/2013,0.1243,1
02/07/2013,0.1263,1
01/07/2013,0.1245,1
28/06/2013,0.125,1
27/06/2013,0.1289,1
26/06/2013,0.1319,1
25/06/2013,0.1321,1
24/06/2013,0.1316,1
21/06/2013,0.1303,1
20/06/2013,0.1269,1
19/06/2013,0.1271,1
18/06/2013,0.1283,1
17/06/2013,0.1308,1
14/06/2013,0.129,1
13/06/2013,0.1305,1
12/06/2013,0.1314,1
11/06/2013,0.1314,1
10/06/2013,0.1329,1
07/06/2013,0.1326,1
06/06/2013,0.133,1
05/06/2013,0.133,1
04/06/2013,0.1343,1
03/06/2013,0.1338,1
31/05/2013,0.1322,1
30/05/2013,0.1341,1
29/05/2013,0.1349,1
28/05/2013,0.1337,1
24/05/2013,0.135,1
23/05/2013,0.1389,1
22/05/2013,0.1425,1
21/05/2013,0.1464,1
20/05/2013,0.1464,1
17/05/2013,0.1465,1
16/05/2013,0.147,1
15/05/2013,0.145,1
14/05/2013,0.146,1
13/05/2013,0.1465,1
10/05/2013,0.146,1
09/05/2013,0.1475,1
08/05/2013,0.1485,1
07/05/2013,0.1485,1
03/05/2013,0.15,1
02/05/2013,0.15,1
01/05/2013,0.148,1
30/04/2013,0.147,1
29/04/2013,0.148,1
26/04/2013,0.149,1
25/04/2013,0.15,1
24/04/2013,0.152,1
23/04/2013,0.154,1
22/04/2013,0.155,1
19/04/2013,0.156,1
18/04/2013,0.157,1
17/04/2013,0.157,1
16/04/2013,0.157,1
15/04/2013,0.157,1
12/04/2013,0.157,1
11/04/2013,0.155,1
10/04/2013,0.155,1
09/04/2013,0.155,1
08/04/2013,0.155,1
05/04/2013,0.154,1
04/04/2013,0.154,1
03/04/2013,0.154,1
02/04/2013,0.154,1
28/03/2013,0.156,1
27/03/2013,0.156,1
26/03/2013,0.157,1
25/03/2013,0.157,1
22/03/2013,0.157,1
21/03/2013,0.156,1
20/03/2013,0.155,1
19/03/2013,0.156,1
18/03/2013,0.155,1
15/03/2013,0.153,1
14/03/2013,0.153,1
13/03/2013,0.155,1
12/03/2013,0.155,1
11/03/2013,0.155,1
08/03/2013,0.155,1
07/03/2013,0.155,1
06/03/2013,0.153,1
05/03/2013,0.154,1
04/03/2013,0.154,1
01/03/2013,0.154,1
28/02/2013,0.153,1
27/02/2013,0.1555,1
26/02/2013,0.1565,1
25/02/2013,0.1565,1
22/02/2013,0.1565,1
21/02/2013,0.1565,1
20/02/2013,0.1555,1
19/02/2013,0.154,1
15/02/2013,0.155,1
14/02/2013,0.154,1
13/02/2013,0.152,1
12/02/2013,0.153,1
11/02/2013,0.154,1
08/02/2013,0.153,1
07/02/2013,0.153,1
06/02/2013,0.154,1
05/02/2013,0.156,1
04/02/2013,0.155,1
01/02/2013,0.155,1
31/01/2013,0.154,1
30/01/2013,0.155,1
29/01/2013,0.157,1
28/01/2013,0.16,1
25/01/2013,0.159,1
24/01/2013,0.1565,1
23/01/2013,0.1595,1
22/01/2013,0.1605,1
18/01/2013,0.158,1
17/01/2013,0.1585,1
16/01/2013,0.1635,1
15/01/2013,0.1595,1
14/01/2013,0.1595,1
11/01/2013,0.1595,1
10/01/2013,0.1605,1
09/01/2013,0.164,1
08/01/2013,0.164,1
07/01/2013,0.1645,1
04/01/2013,0.1665,1
03/01/2013,0.1665,1
02/01/2013,0.1655,1
31/12/2012,0.168,1
28/12/2012,0.1665,1
27/12/2012,0.167,1
24/12/2012,0.1655,1
21/12/2012,0.1635,1
20/12/2012,0.1635,1
19/12/2012,0.1635,1
18/12/2012,0.1635,1
17/12/2012,0.164,1
14/12/2012,0.1625,1
13/12/2012,0.1615,1
12/12/2012,0.1615,1
11/12/2012,0.1615,1
10/12/2012,0.1625,1
07/12/2012,0.1625,1
06/12/2012,0.1625,1
05/12/2012,0.16,1
04/12/2012,0.16,1
03/12/2012,0.1605,1
30/11/2012,0.1605,1
29/11/2012,0.16,1
28/11/2012,0.16,1
27/11/2012,0.159,1
26/11/2012,0.156,1
23/11/2012,0.155,1
22/11/2012,0.1545,1
21/11/2012,0.1545,1
20/11/2012,0.1545,1
19/11/2012,0.1545,1
16/11/2012,0.1545,1
15/11/2012,0.1545,1
14/11/2012,0.1535,1
13/11/2012,0.153,1
09/11/2012,0.154,1
08/11/2012,0.153,1
07/11/2012,0.1545,1
06/11/2012,0.1545,1
05/11/2012,0.156,1
02/11/2012,0.156,1
01/11/2012,0.155,1
31/10/2012,0.156,1
30/10/2012,0.155,1
29/10/2012,0.1545,1
26/10/2012,0.1535,1
25/10/2012,0.1545,1
24/10/2012,0.1535,1
23/10/2012,0.1535,1
22/10/2012,0.1535,1
19/10/2012,0.1535,1
18/10/2012,0.1535,1
17/10/2012,0.1535,1
16/10/2012,0.1545,1
15/10/2012,0.1535,1
12/10/2012,0.1525,1
11/10/2012,0.1525,1
10/10/2012,0.1525,1
09/10/2012,0.1531,1
05/10/2012,0.1531,1
04/10/2012,0.1521,1
03/10/2012,0.1521,1
02/10/2012,0.1501,1
01/10/2012,0.1501,1
28/09/2012,0.1516,1
27/09/2012,0.1516,1
26/09/2012,0.1509,1
25/09/2012,0.1509,1
24/09/2012,0.1514,1
21/09/2012,0.1514,1
20/09/2012,0.1514,1
19/09/2012,0.1519,1
18/09/2012,0.1519,1
17/09/2012,0.1529,1
14/09/2012,0.1539,1
13/09/2012,0.1524,1
12/09/2012,0.1524,1
11/09/2012,0.1524,1
10/09/2012,0.1524,1
07/09/2012,0.1524,1
06/09/2012,0.1529,1
05/09/2012,0.1514,1
04/09/2012,0.1514,1
31/08/2012,0.1504,1
30/08/2012,0.1514,1
29/08/2012,0.1514,1
28/08/2012,0.1514,1
24/08/2012,0.1514,1
23/08/2012,0.1514,1
22/08/2012,0.1524,1
21/08/2012,0.1524,1
20/08/2012,0.1524,1
17/08/2012,0.1524,1
16/08/2012,0.1529,1
15/08/2012,0.1529,1
14/08/2012,0.1539,1
13/08/2012,0.1514,1
10/08/2012,0.1534,1
09/08/2012,0.1534,1
08/08/2012,0.1544,1
07/08/2012,0.1564,1
06/08/2012,0.1584,1
03/08/2012,0.1589,1
02/08/2012,0.1594,1
01/08/2012,0.1599,1
31/07/2012,0.1614,1
30/07/2012,0.1624,1
27/07/2012,0.1624,1
26/07/2012,0.1629,1
25/07/2012,0.1629,1
24/07/2012,0.1625,1
23/07/2012,0.1655,1
20/07/2012,0.1665,1
19/07/2012,0.168,1
18/07/2012,0.169,1
17/07/2012,0.169,1
16/07/2012,0.169,1
13/07/2012,0.169,1
12/07/2012,0.169,1
11/07/2012,0.169,1
10/07/2012,0.1705,1
09/07/2012,0.1705,1
06/07/2012,0.1705,1
05/07/2012,0.1705,1
03/07/2012,0.17,1
02/07/2012,0.168,1
29/06/2012,0.1695,1
28/06/2012,0.1675,1
27/06/2012,0.1665,1
26/06/2012,0.167,1
25/06/2012,0.166,1
22/06/2012,0.166,1
21/06/2012,0.166,1
20/06/2012,0.165,1
19/06/2012,0.164,1
18/06/2012,0.1625,1
15/06/2012,0.1625,1
14/06/2012,0.1605,1
13/06/2012,0.1605,1
12/06/2012,0.1595,1
11/06/2012,0.1595,1
08/06/2012,0.1595,1
07/06/2012,0.159,1
06/06/2012,0.159,1
01/06/2012,0.157,1
31/05/2012,0.156,1
30/05/2012,0.154,1
29/05/2012,0.154,1
25/05/2012,0.153,1
24/05/2012,0.153,1
23/05/2012,0.156,1
22/05/2012,0.1555,1
21/05/2012,0.1555,1
18/05/2012,0.155,1
17/05/2012,0.1545,1
16/05/2012,0.1555,1
15/05/2012,0.1515,1
14/05/2012,0.15,1
11/05/2012,0.149,1
10/05/2012,0.148,1
09/05/2012,0.147,1
08/05/2012,0.147,1
04/05/2012,0.147,1
03/05/2012,0.147,1
02/05/2012,0.147,1
01/05/2012,0.147,1
30/04/2012,0.147,1
27/04/2012,0.146,1
26/04/2012,0.146,1
25/04/2012,0.144,1
24/04/2012,0.145,1
23/04/2012,0.147,1
20/04/2012,0.148,1
19/04/2012,0.149,1
18/04/2012,0.148,1
17/04/2012,0.15,1
16/04/2012,0.15,1
13/04/2012,0.15,1
12/04/2012,0.15,1
11/04/2012,0.151,1
10/04/2012,0.151,1
05/04/2012,0.151,1
04/04/2012,0.151,1
03/04/2012,0.151,1
02/04/2012,0.15,1
30/03/2012,0.1525,1
29/03/2012,0.153,1
28/03/2012,0.153,1
27/03/2012,0.153,1
26/03/2012,0.153,1
23/03/2012,0.153,1
22/03/2012,0.1535,1
21/03/2012,0.1525,1
20/03/2012,0.1515,1
19/03/2012,0.149,1
16/03/2012,0.1485,1
15/03/2012,0.1485,1
14/03/2012,0.1467,1
13/03/2012,0.1437,1
12/03/2012,0.1425,1
09/03/2012,0.1415,1
08/03/2012,0.1415,1
07/03/2012,0.1415,1
06/03/2012,0.1415,1
05/03/2012,0.1405,1
02/03/2012,0.1395,1
01/03/2012,0.1385,1
29/02/2012,0.139,1
28/02/2012,0.139,1
27/02/2012,0.139,1
24/02/2012,0.1385,1
23/02/2012,0.1395,1
22/02/2012,0.1405,1
21/02/2012,0.1405,1
17/02/2012,0.141,1
16/02/2012,0.142,1
15/02/2012,0.143,1
14/02/2012,0.144,1
13/02/2012,0.142,1
10/02/2012,0.142,1
09/02/2012,0.142,1
08/02/2012,0.142,1
07/02/2012,0.144,1
06/02/2012,0.1415,1
03/02/2012,0.142,1
02/02/2012,0.141,1
01/02/2012,0.139,1
31/01/2012,0.1395,1
30/01/2012,0.1395,1
27/01/2012,0.141,1
26/01/2012,0.141,1
25/01/2012,0.1415,1
24/01/2012,0.1445,1
23/01/2012,0.1445,1
20/01/2012,0.1443,1
19/01/2012,0.1454,1
18/01/2012,0.1464,1
17/01/2012,0.1465,1
13/01/2012,0.146,1
12/01/2012,0.147,1
11/01/2012,0.149,1
10/01/2012,0.15,1
09/01/2012,0.149,1
06/01/2012,0.149,1
05/01/2012,0.1495,1
04/01/2012,0.15,1
03/01/2012,0.149,1
30/12/2011,0.154,1
29/12/2011,0.1495,1
28/12/2011,0.15,1
23/12/2011,0.15,1
22/12/2011,0.15,1
21/12/2011,0.1505,1
20/12/2011,0.1505,1
19/12/2011,0.1505,1
16/12/2011,0.1505,1
15/12/2011,0.1505,1
14/12/2011,0.1505,1
13/12/2011,0.1505,1
12/12/2011,0.15,1
09/12/2011,0.15,1
08/12/2011,0.15,1
07/12/2011,0.1505,1
06/12/2011,0.15,1
05/12/2011,0.1495,1
02/12/2011,0.14611,1
01/12/2011,0.14556,1
30/11/2011,0.145,1
29/11/2011,0.145,1
28/11/2011,0.14611,1
25/11/2011,0.14389,1
23/11/2011,0.14278,1
22/11/2011,0.14278,1
21/11/2011,0.14278,1
18/11/2011,0.14278,1
17/11/2011,0.14278,1
16/11/2011,0.14167,1
15/11/2011,0.14389,1
14/11/2011,0.14222,1
10/11/2011,0.14111,1
09/11/2011,0.14056,1
08/11/2011,0.14111,1
07/11/2011,0.14111,1
04/11/2011,0.14111,1
03/11/2011,0.14111,1
02/11/2011,0.14222,1
01/11/2011,0.14222,1
31/10/2011,0.14222,1
28/10/2011,0.14222,1
27/10/2011,0.14222,1
26/10/2011,0.14222,1
25/10/2011,0.14222,1
24/10/2011,0.14167,1
21/10/2011,0.14167,1
20/10/2011,0.14167,1
19/10/2011,0.14056,1
18/10/2011,0.14056,1
17/10/2011,0.14278,1
14/10/2011,0.13944,1
13/10/2011,0.14056,1
12/10/2011,0.14056,1
11/10/2011,0.14167,1
07/10/2011,0.13944,1
06/10/2011,0.14267,1
05/10/2011,0.14278,1
04/10/2011,0.14333,1
03/10/2011,0.14444,1
30/09/2011,0.15222,1
29/09/2011,0.145,1
28/09/2011,0.14611,1
27/09/2011,0.145,1
26/09/2011,0.14611,1
23/09/2011,0.14611,1
22/09/2011,0.14611,1
21/09/2011,0.14611,1
20/09/2011,0.14667,1
19/09/2011,0.14833,1
16/09/2011,0.14667,1
15/09/2011,0.14722,1
14/09/2011,0.14667,1
13/09/2011,0.145,1
12/09/2011,0.14389,1
09/09/2011,0.14278,1
08/09/2011,0.14444,1
07/09/2011,0.14333,1
06/09/2011,0.14333,1
02/09/2011,0.14111,1
01/09/2011,0.14222,1
31/08/2011,0.14667,1
30/08/2011,0.14333,1
26/08/2011,0.14333,1
25/08/2011,0.14444,1
24/08/2011,0.14444,1
23/08/2011,0.14444,1
22/08/2011,0.14333,1
19/08/2011,0.14167,1
18/08/2011,0.14167,1
17/08/2011,0.14167,1
16/08/2011,0.14278,1
15/08/2011,0.145,1
12/08/2011,0.14278,1
11/08/2011,0.13944,1
10/08/2011,0.13833,1
09/08/2011,0.13611,1
08/08/2011,0.13611,1
05/08/2011,0.13611,1
04/08/2011,0.15278,1
03/08/2011,0.17833,1
02/08/2011,0.17167,1
01/08/2011,0.12861,1
29/07/2011,0.13125,1
28/07/2011,0.12375,1
27/07/2011,0.12225,1
26/07/2011,0.122,1
25/07/2011,0.1225,1
22/07/2011,0.12225,1
21/07/2011,0.1225,1
20/07/2011,0.12225,1
19/07/2011,0.12225,1
18/07/2011,0.12175,1
15/07/2011,0.12225,1
14/07/2011,0.123,1
13/07/2011,0.124,1
12/07/2011,0.1255,1
11/07/2011,0.1245,1
08/07/2011,0.1245,1
07/07/2011,0.1245,1
06/07/2011,0.1245,1
05/07/2011,0.125,1
01/07/2011,0.1255,1
30/06/2011,0.128,1
29/06/2011,0.1255,1
28/06/2011,0.1265,1
27/06/2011,0.1265,1
24/06/2011,0.1275,1
23/06/2011,0.1265,1
22/06/2011,0.1275,1
21/06/2011,0.1275,1
20/06/2011,0.128,1
17/06/2011,0.128,1
16/06/2011,0.128,1
15/06/2011,0.1285,1
14/06/2011,0.1275,1
13/06/2011,0.127,1
10/06/2011,0.127,1
09/06/2011,0.127,1
08/06/2011,0.1265,1
07/06/2011,0.1265,1
06/06/2011,0.126,1
03/06/2011,0.1265,1
02/06/2011,0.1265,1
01/06/2011,0.127,1
31/05/2011,0.128,1
27/05/2011,0.127,1
26/05/2011,0.129,1
25/05/2011,0.129,1
24/05/2011,0.129,1
23/05/2011,0.13,1
20/05/2011,0.13,1
19/05/2011,0.13025,1
18/05/2011,0.1305,1
17/05/2011,0.1305,1
16/05/2011,0.1315,1
13/05/2011,0.1315,1
12/05/2011,0.1315,1
11/05/2011,0.132,1
10/05/2011,0.13225,1
09/05/2011,0.13225,1
06/05/2011,0.13225,1
05/05/2011,0.1315,1
04/05/2011,0.1335,1
03/05/2011,0.134,1
28/04/2011,0.13375,1
27/04/2011,0.13475,1
26/04/2011,0.135,1
21/04/2011,0.1355,1
20/04/2011,0.1335,1
19/04/2011,0.1335,1
18/04/2011,0.1345,1
15/04/2011,0.1365,1
14/04/2011,0.138,1
13/04/2011,0.1405,1
12/04/2011,0.144,1
11/04/2011,0.15075,1
08/04/2011,0.15475,1
07/04/2011,0.157,1
06/04/2011,0.1628,1
05/04/2011,0.1697,1
04/04/2011,0.1782,1
01/04/2011,0.184,1
31/03/2011,0.1845,1
30/03/2011,0.1855,1
29/03/2011,0.189,1
28/03/2011,0.192,1
25/03/2011,0.194,1
24/03/2011,0.1955,1
23/03/2011,0.1995,1
22/03/2011,0.2025,1
21/03/2011,0.2045,1
18/03/2011,0.2055,1
17/03/2011,0.2065,1
16/03/2011,0.2115,1
15/03/2011,0.2115,1
14/03/2011,0.2135,1
11/03/2011,0.2155,1
10/03/2011,0.216,1
09/03/2011,0.2175,1
08/03/2011,0.2195,1
07/03/2011,0.2205,1
04/03/2011,0.2215,1
03/03/2011,0.2215,1
02/03/2011,0.2235,1
01/03/2011,0.2255,1
28/02/2011,0.2255,1
25/02/2011,0.2255,1
24/02/2011,0.2255,1
23/02/2011,0.227,1
22/02/2011,0.228,1
18/02/2011,0.2295,1
17/02/2011,0.231,1
16/02/2011,0.2335,1
15/02/2011,0.2335,1
14/02/2011,0.233,1
11/02/2011,0.234,1
10/02/2011,0.234,1
09/02/2011,0.2355,1
08/02/2011,0.2355,1
07/02/2011,0.2374,1
04/02/2011,0.2369,1
03/02/2011,0.237,1
02/02/2011,0.235,1
01/02/2011,0.236,1
31/01/2011,0.23531,1
28/01/2011,0.23563,1
27/01/2011,0.23563,1
26/01/2011,0.23688,1
25/01/2011,0.23688,1
24/01/2011,0.23688,1
21/01/2011,0.23688,1
20/01/2011,0.23688,1
19/01/2011,0.23688,1
18/01/2011,0.24,1
14/01/2011,0.23875,1
13/01/2011,0.24,1
12/01/2011,0.24,1
11/01/2011,0.24,1
10/01/2011,0.24125,1
07/01/2011,0.24125,1
06/01/2011,0.24375,1
05/01/2011,0.24375,1
04/01/2011,0.24688,1
31/12/2010,0.25188,1
30/12/2010,0.24688,1
29/12/2010,0.24563,1
24/12/2010,0.24438,1
23/12/2010,0.24125,1
22/12/2010,0.23875,1
21/12/2010,0.24125,1
20/12/2010,0.24125,1
17/12/2010,0.23813,1
16/12/2010,0.23875,1
15/12/2010,0.24,1
14/12/2010,0.2375,1
13/12/2010,0.23875,1
10/12/2010,0.23813,1
09/12/2010,0.24,1
08/12/2010,0.24094,1
07/12/2010,0.24156,1
06/12/2010,0.24031,1
03/12/2010,0.24063,1
02/12/2010,0.23969,1
01/12/2010,0.24,1
30/11/2010,0.23625,1
29/11/2010,0.2325,1
26/11/2010,0.2325,1
24/11/2010,0.23313,1
23/11/2010,0.23188,1
22/11/2010,0.23063,1
19/11/2010,0.22938,1
18/11/2010,0.22938,1
17/11/2010,0.23063,1
16/11/2010,0.22938,1
15/11/2010,0.22625,1
12/11/2010,0.22563,1
10/11/2010,0.22563,1
09/11/2010,0.22563,1
08/11/2010,0.22563,1
05/11/2010,0.22563,1
04/11/2010,0.22563,1
03/11/2010,0.22563,1
02/11/2010,0.22563,1
01/11/2010,0.22563,1
29/10/2010,0.22563,1
28/10/2010,0.22563,1
27/10/2010,0.22563,1
26/10/2010,0.22563,1
25/10/2010,0.22563,1
22/10/2010,0.22563,1
21/10/2010,0.22688,1
20/10/2010,0.22688,1
19/10/2010,0.22625,1
18/10/2010,0.22688,1
15/10/2010,0.22688,1
14/10/2010,0.22688,1
13/10/2010,0.22563,1
12/10/2010,0.22563,1
08/10/2010,0.225,1
07/10/2010,0.225,1
06/10/2010,0.22563,1
05/10/2010,0.22563,1
04/10/2010,0.22563,1
01/10/2010,0.22813,1
30/09/2010,0.22625,1
29/09/2010,0.225,1
28/09/2010,0.225,1
27/09/2010,0.22538,1
24/09/2010,0.22538,1
23/09/2010,0.22663,1
22/09/2010,0.22663,1
21/09/2010,0.22788,1
20/09/2010,0.22788,1
17/09/2010,0.22788,1
16/09/2010,0.2275,1
15/09/2010,0.22688,1
14/09/2010,0.22688,1
13/09/2010,0.22688,1
10/09/2010,0.22688,1
09/09/2010,0.22688,1
08/09/2010,0.22688,1
07/09/2010,0.22688,1
03/09/2010,0.22625,1
02/09/2010,0.22625,1
01/09/2010,0.22625,1
31/08/2010,0.22813,1
27/08/2010,0.225,1
26/08/2010,0.22438,1
25/08/2010,0.22438,1
24/08/2010,0.22538,1
23/08/2010,0.22538,1
20/08/2010,0.22725,1
19/08/2010,0.22725,1
18/08/2010,0.226,1
17/08/2010,0.22663,1
16/08/2010,0.22875,1
13/08/2010,0.22938,1
12/08/2010,0.23125,1
11/08/2010,0.23313,1
10/08/2010,0.23594,1
09/08/2010,0.23656,1
06/08/2010,0.23781,1
05/08/2010,0.23781,1
04/08/2010,0.24031,1
03/08/2010,0.24031,1
02/08/2010,0.24031,1
30/07/2010,0.24094,1
29/07/2010,0.24213,1
28/07/2010,0.24313,1
27/07/2010,0.24563,1
26/07/2010,0.24594,1
23/07/2010,0.24781,1
22/07/2010,0.25125,1
21/07/2010,0.25719,1
20/07/2010,0.26094,1
19/07/2010,0.26375,1
16/07/2010,0.26875,1
15/07/2010,0.27,1
14/07/2010,0.27125,1
13/07/2010,0.27344,1
12/07/2010,0.27375,1
09/07/2010,0.275,1
08/07/2010,0.28125,1
07/07/2010,0.285,1
06/07/2010,0.28875,1
02/07/2010,0.295,1
01/07/2010,0.30063,1
30/06/2010,0.30563,1
29/06/2010,0.29375,1
28/06/2010,0.29313,1
25/06/2010,0.29563,1
24/06/2010,0.29563,1
23/06/2010,0.29813,1
22/06/2010,0.29813,1
21/06/2010,0.29813,1
18/06/2010,0.29588,1
17/06/2010,0.29525,1
16/06/2010,0.2965,1
15/06/2010,0.2965,1
14/06/2010,0.29775,1
11/06/2010,0.299,1
10/06/2010,0.29963,1
09/06/2010,0.29963,1
08/06/2010,0.29963,1
07/06/2010,0.30088,1
04/06/2010,0.30088,1
03/06/2010,0.30088,1
02/06/2010,0.30088,1
01/06/2010,0.30338,1
28/05/2010,0.29875,1
27/05/2010,0.30125,1
26/05/2010,0.30063,1
25/05/2010,0.29938,1
24/05/2010,0.29563,1
21/05/2010,0.29625,1
20/05/2010,0.295,1
19/05/2010,0.29875,1
18/05/2010,0.29563,1
17/05/2010,0.3,1
14/05/2010,0.2925,1
13/05/2010,0.29625,1
12/05/2010,0.29875,1
11/05/2010,0.3025,1
10/05/2010,0.3125,1
07/05/2010,0.32125,1
06/05/2010,0.27688,1
05/05/2010,0.27188,1
04/05/2010,0.26588,1
30/04/2010,0.26313,1
29/04/2010,0.25588,1
28/04/2010,0.25556,1
27/04/2010,0.25088,1
26/04/2010,0.24963,1
23/04/2010,0.25056,1
22/04/2010,0.25025,1
21/04/2010,0.25025,1
20/04/2010,0.25025,1
19/04/2010,0.249,1
16/04/2010,0.2465,1
15/04/2010,0.2475,1
14/04/2010,0.23513,1
13/04/2010,0.23263,1
12/04/2010,0.22825,1
09/04/2010,0.22825,1
08/04/2010,0.22575,1
07/04/2010,0.22575,1
06/04/2010,0.222,1
01/04/2010,0.2195,1
31/03/2010,0.22513,1
30/03/2010,0.21825,1
29/03/2010,0.21688,1
26/03/2010,0.21813,1
25/03/2010,0.21725,1
24/03/2010,0.2185,1
23/03/2010,0.2185,1
22/03/2010,0.21975,1
19/03/2010,0.221,1
18/03/2010,0.221,1
17/03/2010,0.22225,1
16/03/2010,0.22413,1
15/03/2010,0.19281,1
12/03/2010,0.18656,1
11/03/2010,0.18656,1
10/03/2010,0.18906,1
09/03/2010,0.19219,1
08/03/2010,0.1925,1
05/03/2010,0.18375,1
04/03/2010,0.17813,1
03/03/2010,0.17563,1
02/03/2010,0.17563,1
01/03/2010,0.175,1
26/02/2010,0.17375,1
25/02/2010,0.17406,1
24/02/2010,0.17406,1
23/02/2010,0.17594,1
22/02/2010,0.17625,1
19/02/2010,0.1725,1
18/02/2010,0.1725,1
17/02/2010,0.17125,1
16/02/2010,0.17125,1
12/02/2010,0.17188,1
11/02/2010,0.17063,1
10/02/2010,0.17063,1
09/02/2010,0.17063,1
08/02/2010,0.17063,1
05/02/2010,0.17313,1
04/02/2010,0.17188,1
03/02/2010,0.17313,1
02/02/2010,0.17313,1
01/02/2010,0.17063,1
29/01/2010,0.17313,1
28/01/2010,0.17063,1
27/01/2010,0.17063,1
26/01/2010,0.17063,1
25/01/2010,0.16938,1
22/01/2010,0.16938,1
21/01/2010,0.16938,1
20/01/2010,0.17063,1
19/01/2010,0.17188,1
15/01/2010,0.17188,1
14/01/2010,0.17188,1
13/01/2010,0.17313,1
12/01/2010,0.17313,1
11/01/2010,0.17313,1
08/01/2010,0.17313,1
07/01/2010,0.175,1
06/01/2010,0.175,1
05/01/2010,0.175,1
04/01/2010,0.17375,1
